domain,instance_id,difficulty,arm,seed,R1,R2,R3,R4,R5,R6,R7,Q1,Q2,Q3,Q4,C1,C2,C3,C4,C5
system_monitoring,sysmon-001,misleading_first,A,42,N/A,N/A,N/A,0.0,1,1.0,10,1,0,N/A,N/A,10,-1,10,33.15,0
system_monitoring,sysmon-001,misleading_first,B,42,qualitative/0_updates,N/A,N/A,0.0,0,0.0,0,0,1,N/A,N/A,0,-1,0,12.92,0
system_monitoring,sysmon-001,misleading_first,A,42,N/A,N/A,N/A,0.0,1,1.0,9,1,0,N/A,N/A,9,-1,9,19.17,0
system_monitoring,sysmon-001,misleading_first,B,42,qualitative/0_updates,N/A,N/A,0.0,0,0.0,0,0,1,N/A,N/A,0,-1,0,150.45,0
system_monitoring,sysmon-001,misleading_first,A,42,N/A,N/A,N/A,0.0,1,1.0,13,1,0,N/A,N/A,13,-1,13,55.79,0
system_monitoring,sysmon-001,misleading_first,B,42,qualitative/6_updates,N/A,N/A,0.0,1,1.0,6,1,0,N/A,N/A,6,-1,6,131.48,6
system_monitoring,sysmon-001,misleading_first,A,42,N/A,N/A,N/A,0.0,2,0.0,19,0,1,N/A,N/A,20,-1,19,192.76,0
system_monitoring,sysmon-001,misleading_first,B,42,qualitative/7_updates,N/A,N/A,0.0,1,1.0,7,1,0,N/A,N/A,7,-1,7,182.5,7
system_monitoring,sysmon-002,misleading_first,A,42,N/A,N/A,N/A,0.0,11,0.0,19,0,2,N/A,N/A,20,-1,19,343.32,0
system_monitoring,sysmon-002,misleading_first,B,42,qualitative/0_updates,N/A,N/A,0.0,0,0.0,0,0,1,N/A,N/A,0,-1,0,273.59,0
system_monitoring,sysmon-003,easy,A,42,N/A,N/A,N/A,0.0,0,0.0,0,0,1,N/A,N/A,0,-1,0,1.1,0
system_monitoring,sysmon-003,easy,B,42,qualitative/0_updates,N/A,N/A,0.0,0,0.0,0,0,1,N/A,N/A,0,-1,0,1.06,0
system_monitoring,sysmon-004,misleading_first,A,42,N/A,N/A,N/A,0.0,0,0.0,0,0,1,N/A,N/A,0,-1,0,1.08,0
system_monitoring,sysmon-004,misleading_first,B,42,qualitative/0_updates,N/A,N/A,0.0,0,0.0,0,0,1,N/A,N/A,0,-1,0,1.08,0
system_monitoring,sysmon-005,conflicting,A,42,N/A,N/A,N/A,0.0,0,0.0,0,0,1,N/A,N/A,0,-1,0,1.07,0
system_monitoring,sysmon-005,conflicting,B,42,qualitative/0_updates,N/A,N/A,0.0,0,0.0,0,0,1,N/A,N/A,0,-1,0,1.08,0
system_monitoring,sysmon-006,misleading_first,A,42,N/A,N/A,N/A,0.0,0,0.0,0,0,1,N/A,N/A,0,-1,0,1.08,0
system_monitoring,sysmon-006,misleading_first,B,42,qualitative/0_updates,N/A,N/A,0.0,0,0.0,0,0,1,N/A,N/A,0,-1,0,1.06,0
system_monitoring,sysmon-007,easy,A,42,N/A,N/A,N/A,0.0,0,0.0,0,0,1,N/A,N/A,0,-1,0,1.06,0
system_monitoring,sysmon-007,easy,B,42,qualitative/0_updates,N/A,N/A,0.0,0,0.0,0,0,1,N/A,N/A,0,-1,0,1.08,0
system_monitoring,sysmon-008,easy,A,42,N/A,N/A,N/A,0.0,0,0.0,0,0,1,N/A,N/A,0,-1,0,1.08,0
system_monitoring,sysmon-008,easy,B,42,qualitative/0_updates,N/A,N/A,0.0,0,0.0,0,0,1,N/A,N/A,0,-1,0,1.06,0
system_monitoring,sysmon-009,conflicting,A,42,N/A,N/A,N/A,0.0,0,0.0,0,0,1,N/A,N/A,0,-1,0,1.06,0
system_monitoring,sysmon-009,conflicting,B,42,qualitative/0_updates,N/A,N/A,0.0,0,0.0,0,0,1,N/A,N/A,0,-1,0,1.06,0
system_monitoring,sysmon-010,conflicting,A,42,N/A,N/A,N/A,0.0,0,0.0,0,0,1,N/A,N/A,0,-1,0,1.09,0
system_monitoring,sysmon-010,conflicting,B,42,qualitative/0_updates,N/A,N/A,0.0,0,0.0,0,0,1,N/A,N/A,0,-1,0,1.06,0
system_monitoring,sysmon-001,misleading_first,A,42,N/A,N/A,N/A,0.0,0,0.0,0,0,1,N/A,N/A,0,-1,0,1.18,0
system_monitoring,sysmon-001,misleading_first,B,42,qualitative/0_updates,N/A,N/A,0.0,0,0.0,0,0,1,N/A,N/A,0,-1,0,1.1,0
system_monitoring,sysmon-002,misleading_first,A,42,N/A,N/A,N/A,0.0,0,0.0,0,0,1,N/A,N/A,0,-1,0,1.07,0
system_monitoring,sysmon-002,misleading_first,B,42,qualitative/0_updates,N/A,N/A,0.0,0,0.0,0,0,1,N/A,N/A,0,-1,0,1.07,0
system_monitoring,sysmon-003,easy,A,42,N/A,N/A,N/A,0.0,0,0.0,0,0,1,N/A,N/A,0,-1,0,1.05,0
system_monitoring,sysmon-003,easy,B,42,qualitative/0_updates,N/A,N/A,0.0,0,0.0,0,0,1,N/A,N/A,0,-1,0,1.07,0
system_monitoring,sysmon-004,misleading_first,A,42,N/A,N/A,N/A,0.0,0,0.0,0,0,1,N/A,N/A,0,-1,0,1.08,0
system_monitoring,sysmon-004,misleading_first,B,42,qualitative/0_updates,N/A,N/A,0.0,0,0.0,0,0,1,N/A,N/A,0,-1,0,1.08,0
system_monitoring,sysmon-005,conflicting,A,42,N/A,N/A,N/A,0.0,0,0.0,0,0,1,N/A,N/A,0,-1,0,1.08,0
system_monitoring,sysmon-005,conflicting,B,42,qualitative/0_updates,N/A,N/A,0.0,0,0.0,0,0,1,N/A,N/A,0,-1,0,1.08,0
system_monitoring,sysmon-006,misleading_first,A,42,N/A,N/A,N/A,0.0,0,0.0,0,0,1,N/A,N/A,0,-1,0,1.06,0
system_monitoring,sysmon-006,misleading_first,B,42,qualitative/0_updates,N/A,N/A,0.0,0,0.0,0,0,1,N/A,N/A,0,-1,0,1.08,0
system_monitoring,sysmon-007,easy,A,42,N/A,N/A,N/A,0.0,0,0.0,0,0,1,N/A,N/A,0,-1,0,1.06,0
system_monitoring,sysmon-007,easy,B,42,qualitative/0_updates,N/A,N/A,0.0,0,0.0,0,0,1,N/A,N/A,0,-1,0,1.06,0
system_monitoring,sysmon-008,easy,A,42,N/A,N/A,N/A,0.0,0,0.0,0,0,1,N/A,N/A,0,-1,0,1.06,0
system_monitoring,sysmon-008,easy,B,42,qualitative/0_updates,N/A,N/A,0.0,0,0.0,0,0,1,N/A,N/A,0,-1,0,1.08,0
system_monitoring,sysmon-009,conflicting,A,42,N/A,N/A,N/A,0.0,0,0.0,0,0,1,N/A,N/A,0,-1,0,1.08,0
system_monitoring,sysmon-009,conflicting,B,42,qualitative/0_updates,N/A,N/A,0.0,0,0.0,0,0,1,N/A,N/A,0,-1,0,1.07,0
system_monitoring,sysmon-010,conflicting,A,42,N/A,N/A,N/A,0.0,0,0.0,0,0,1,N/A,N/A,0,-1,0,1.07,0
system_monitoring,sysmon-010,conflicting,B,42,qualitative/0_updates,N/A,N/A,0.0,0,0.0,0,0,1,N/A,N/A,0,-1,0,1.07,0
system_monitoring,sysmon-001,misleading_first,A,42,N/A,N/A,N/A,0.0,1,1.0,7,1,0,N/A,N/A,7,-1,7,13.33,0
system_monitoring,sysmon-001,misleading_first,B,42,qualitative/6_updates,N/A,N/A,0.0,1,1.0,6,1,0,N/A,N/A,6,-1,6,163.35,6
system_monitoring,sysmon-002,misleading_first,A,42,N/A,N/A,N/A,0.0,2,0.0,8,0,3,N/A,N/A,9,-1,8,103.47,0
system_monitoring,sysmon-002,misleading_first,B,42,qualitative/11_updates,N/A,N/A,0.0,2,0.0,11,0,3,N/A,N/A,12,-1,11,410.01,11
system_monitoring,sysmon-003,easy,A,42,N/A,N/A,N/A,0.0,1,1.0,5,1,0,N/A,N/A,5,-1,5,48.63,0
